Player,Position,Age,Team,Games played,Games started,Mintues played,Field goals,Field goals attempted,Field goal attempts per game,3 pointers,3 pointers attempted,Free throws,Free throws attempted,Rebounds,Assists,Steals,Blocks,Turnovers,Personal fouls,Points,Points per game
Aaron Brooks,PG,31,CHI,69,0,1108,188,469,6.8,66,185,49,64,101,180,30,10,82,132,491,7.1
Aaron Gordon,PF,20,ORL,78,37,1863,274,579,7.4,42,142,129,193,507,128,59,55,66,153,719,9.2
Aaron Harrison,SG,21,CHO,21,0,93,5,19,0.9,3,10,5,12,15,2,6,0,4,10,18,0.9
Adreian Payne,PF,24,MIN,52,2,486,53,145,2.8,9,32,17,26,111,29,16,11,36,77,132,2.5
Al Horford,C,29,ATL,82,82,2631,529,1048,12.8,88,256,103,129,596,263,68,121,107,163,1249,15.2
Al Jefferson,C,31,CHO,47,18,1096,245,505,10.7,0,0,72,111,301,70,30,41,34,117,562,12
Alan Anderson,SG,33,WAS,13,0,192,21,59,4.5,12,37,11,15,27,14,4,1,2,25,65,5
Alan Williams,PF,23,PHO,10,0,68,10,24,2.4,0,0,9,14,38,5,4,5,6,15,29,2.9
Alec Burks,SG,24,UTA,31,3,797,137,334,10.8,32,79,106,141,109,63,18,4,51,71,412,13.3
Alex Len,C,22,PHO,78,46,1821,264,624,8,1,7,174,239,594,97,38,62,145,230,703,9
Alex Stepheson,PF,28,LAC,4,0,12,1,1,0.3,0,0,0,2,2,0,0,2,0,4,2,0.5
Alex Stepheson,PF,28,MEM,4,0,61,8,26,6.5,0,0,4,10,26,2,1,3,0,8,20,5
Alex Stepheson,PF,28,TOT,8,0,73,9,27,3.4,0,0,4,12,28,2,1,5,0,12,22,2.8
Alexis Ajinca,C,27,NOP,59,17,861,150,315,5.3,0,1,52,62,269,31,19,36,54,134,352,6
Al-Farouq Aminu,SF,25,POR,82,82,2341,299,719,8.8,126,349,115,156,499,138,72,53,120,171,839,10.2
Allen Crabbe,SG,23,POR,81,8,2105,311,678,8.4,112,285,98,113,216,99,63,16,64,192,832,10.3
Alonzo Gee,SF,28,NOP,73,38,1632,132,255,3.5,17,60,44,66,245,72,63,13,55,169,325,4.5
Amar'e Stoudemire,C,33,MIA,52,36,762,125,221,4.3,0,0,50,67,222,27,18,41,47,92,300,5.8
Amir Johnson,PF,28,BOS,79,76,1800,249,426,5.4,10,43,69,121,505,138,52,83,94,214,577,7.3
Anderson Varejao,C,33,CLE,31,0,310,32,76,2.5,0,1,16,21,91,20,11,5,16,35,80,2.6
Anderson Varejao,C,33,GSW,22,0,186,21,48,2.2,0,0,16,29,50,15,5,5,6,35,58,2.6
Anderson Varejao,C,33,TOT,53,0,496,53,124,2.3,0,1,32,50,141,35,16,10,22,70,138,2.6
Andre Drummond,C,22,DET,81,81,2666,552,1060,13.1,2,6,208,586,1198,67,119,112,155,245,1314,16.2
Andre Iguodala,SF,32,GSW,65,1,1732,176,368,5.7,54,154,51,83,263,219,73,19,79,102,457,7
Andre Miller,PG,39,MIN,26,0,280,36,58,2.2,1,4,15,19,24,58,9,0,25,32,88,3.4
Andre Miller,PG,39,SAS,13,4,181,23,48,3.7,1,4,9,13,27,29,7,0,12,14,56,4.3
Andre Miller,PG,39,TOT,39,4,461,59,106,2.7,2,8,24,32,51,87,16,0,37,46,144,3.7
Andre Roberson,SG,24,OKC,70,70,1553,136,274,3.9,32,103,33,54,251,47,53,42,35,133,337,4.8
Andrea Bargnani,C,30,BRK,46,0,634,127,279,6.1,3,16,47,57,97,18,4,9,26,61,304,6.6
Andrew Bogut,C,31,GSW,70,66,1451,175,279,4,1,1,24,50,492,162,33,114,83,221,375,5.4
Andrew Goudelock,PG,27,HOU,8,0,50,9,20,2.5,1,9,3,4,2,4,6,2,7,4,22,2.8
Andrew Nicholson,PF,26,ORL,56,0,823,146,310,5.5,41,114,51,65,201,25,10,22,41,69,384,6.9
Andrew Wiggins,SF,20,MIN,81,81,2845,594,1294,16,57,190,430,565,292,164,78,46,182,165,1675,20.7
Anthony Bennett,PF,22,TOR,19,0,84,8,27,1.4,3,14,9,10,23,0,5,0,4,8,28,1.5
Anthony Brown,SF,23,LAL,29,11,599,39,126,4.3,20,70,17,20,70,19,14,5,15,34,115,4
Anthony Davis,PF,22,NOP,61,61,2164,560,1136,18.6,35,108,326,430,627,116,78,125,121,148,1481,24.3
Anthony Morrow,SG,30,OKC,68,6,926,136,333,4.9,79,204,29,39,62,24,22,5,17,64,380,5.6
Anthony Tolliver,PF,30,DET,72,5,1341,128,332,4.6,98,272,29,47,229,52,26,16,28,86,383,5.3
Archie Goodwin,PG,21,PHO,57,13,1114,176,422,7.4,23,99,130,193,142,118,27,13,100,84,505,8.9
Aron Baynes,C,29,DET,81,1,1233,194,384,4.7,0,2,126,165,384,51,21,52,67,151,514,6.3
Arron Afflalo,SG,30,NYK,71,57,2371,354,799,11.3,91,238,110,131,266,144,25,10,82,142,909,12.8
Austin Rivers,SG,23,LAC,67,7,1464,226,516,7.7,62,185,79,116,130,99,48,9,61,137,593,8.9
Avery Bradley,SG,25,BOS,76,72,2536,456,1019,13.4,147,407,96,123,220,158,117,19,109,164,1155,15.2
Axel Toupane,SF,23,DEN,21,0,305,25,70,3.3,13,40,13,17,31,15,7,6,6,40,76,3.6
Ben McLemore,SG,22,SAC,68,53,1443,195,455,6.7,67,185,74,103,148,79,52,10,99,140,531,7.8
Beno Udrih,PG,33,MEM,8,0,120,20,46,5.8,4,11,3,3,9,26,3,1,11,11,47,5.9
Beno Udrih,PG,33,MIA,36,5,587,66,152,4.2,11,33,15,17,63,90,11,0,42,40,158,4.4
Beno Udrih,PG,33,TOT,44,5,707,86,198,4.5,15,44,18,20,72,116,14,1,53,51,205,4.7
Bismack Biyombo,C,23,TOR,82,22,1808,156,288,3.5,0,1,142,226,655,29,19,133,71,225,454,5.5
Blake Griffin,PF,26,LAC,35,35,1170,301,603,17.2,6,18,141,194,294,170,28,17,83,95,749,21.4
Boban Marjanovic,C,27,SAS,54,4,508,105,174,3.2,0,0,87,114,194,21,12,23,29,54,297,5.5
Bobby Portis,PF,20,CHI,62,4,1102,186,436,7,16,52,48,66,337,52,25,22,54,100,436,7
Bojan Bogdanovic,SF,26,BRK,79,39,2115,324,749,9.5,129,338,110,132,255,99,29,5,115,119,887,11.2
Boris Diaw,PF,33,SAS,76,4,1386,202,383,5,25,69,56,76,233,176,26,21,97,102,485,6.4
Bradley Beal,SG,22,WAS,55,35,1708,359,799,14.5,105,271,135,176,188,162,54,11,112,117,958,17.4
Brandan Wright,PF,28,MEM,12,2,212,35,52,4.3,0,0,13,24,43,6,5,15,10,21,83,6.9
Branden Dawson,PF,22,LAC,6,0,29,2,5,0.8,0,0,1,1,4,0,0,1,0,2,5,0.8
Brandon Bass,PF,30,LAL,66,0,1342,174,317,4.8,0,2,125,148,285,74,33,55,42,125,473,7.2
Brandon Jennings,PG,26,DET,23,1,416,53,143,6.2,24,77,27,38,46,70,11,2,22,24,157,6.8
Brandon Jennings,PG,26,ORL,25,6,452,59,161,6.4,27,78,30,40,50,100,18,5,35,33,175,7
Brandon Jennings,PG,26,TOT,48,7,868,112,304,6.3,51,155,57,78,96,170,29,7,57,57,332,6.9
Brandon Knight,SG,24,PHO,52,50,1870,371,895,17.2,120,351,156,183,202,263,61,20,177,124,1018,19.6
Brandon Rush,SG,30,GSW,72,25,1055,111,260,3.6,65,157,18,28,181,57,20,23,33,57,305,4.2
Brian Roberts,PG,30,CHO,30,0,333,51,115,3.8,9,27,34,37,29,38,7,1,16,23,145,4.8
Brian Roberts,PG,30,POR,21,0,137,23,50,2.4,6,15,8,10,12,16,3,1,7,12,60,2.9
Brian Roberts,PG,30,TOT,51,0,470,74,165,3.2,15,42,42,47,41,54,10,2,23,35,205,4
Briante Weber,PG,23,MEM,6,4,166,13,38,6.3,0,5,3,4,24,20,9,3,9,11,29,4.8
Briante Weber,PG,23,MIA,1,0,3,1,1,1,0,0,0,0,1,1,0,0,0,1,2,2
Briante Weber,PG,23,TOT,7,4,169,14,39,5.6,0,5,3,4,25,21,9,3,9,12,31,4.4
Brook Lopez,C,27,BRK,73,73,2457,591,1157,15.8,2,14,317,403,573,147,58,124,175,215,1501,20.6
Bruno Caboclo,SF,20,TOR,6,1,43,1,12,2,1,7,0,0,2,1,2,1,4,2,3,0.5
Bryce Cotton,PG,23,MEM,5,0,6,2,2,0.4,0,0,0,0,0,0,0,0,0,0,4,0.8
Bryce Cotton,PG,23,PHO,3,0,33,2,8,2.7,0,3,0,0,0,3,3,0,5,2,4,1.3
Bryce Cotton,PG,23,TOT,8,0,39,4,10,1.3,0,3,0,0,0,3,3,0,5,2,8,1
Bryce Dejean-Jones,SG,23,NOP,14,11,279,28,69,4.9,12,32,11,21,48,15,10,2,11,17,79,5.6
C.J. McCollum,SG,24,POR,80,80,2780,641,1431,17.9,197,472,187,226,259,341,97,23,196,187,1666,20.8
C.J. Miles,SF,28,IND,64,24,1464,259,634,9.9,142,387,93,124,175,63,53,29,70,142,753,11.8
C.J. Watson,PG,31,ORL,33,2,656,47,137,4.2,14,48,34,39,66,88,19,5,25,49,142,4.3
C.J. Wilcox,SG,25,LAC,23,0,167,26,66,2.9,9,23,9,12,12,10,10,2,2,15,70,3
Cameron Bairstow,C,25,CHI,18,2,103,13,40,2.2,1,5,7,8,28,6,2,3,4,19,34,1.9
Cameron Payne,PG,21,OKC,57,1,698,114,278,4.9,36,111,19,24,85,108,36,6,44,80,283,5
Carl Landry,PF,32,PHI,36,12,569,139,250,6.9,6,13,67,91,146,32,12,9,22,69,351,9.8
Carmelo Anthony,SF,31,NYK,72,72,2530,567,1307,18.2,105,310,334,403,556,299,62,38,176,180,1573,21.8
Caron Butler,SF,35,SAC,17,1,176,25,59,3.5,3,18,10,12,22,10,9,1,3,19,63,3.7
Chandler Parsons,SF,27,DAL,61,51,1799,320,651,10.7,104,251,93,136,285,169,46,21,95,114,837,13.7
Channing Frye,C,32,CLE,26,3,446,71,161,6.2,43,114,11,14,93,26,8,8,13,56,196,7.5
Channing Frye,PF,32,ORL,44,29,754,81,186,4.2,48,121,19,21,141,45,21,20,30,71,229,5.2
Channing Frye,PF-C,32,TOT,70,32,1200,152,347,5,91,235,30,35,234,71,29,28,43,127,425,6.1
Charlie Villanueva,PF,31,DAL,62,4,665,125,327,5.3,47,172,22,24,152,24,18,15,31,71,319,5.1
Chase Budinger,SF,27,IND,49,2,729,81,194,4,20,69,34,48,121,49,29,9,31,46,216,4.4
Chase Budinger,SF,27,PHO,17,0,200,23,45,2.6,4,17,5,8,29,15,3,1,13,16,55,3.2
Chase Budinger,SF,27,TOT,66,2,929,104,239,3.6,24,86,39,56,150,64,32,10,44,62,271,4.1
Chris Andersen,C,37,MEM,20,14,366,34,62,3.1,2,9,22,32,89,9,14,10,7,25,92,4.6
Chris Andersen,C,37,MIA,7,1,36,4,10,1.4,2,5,3,4,9,3,1,3,2,4,13,1.9
Chris Andersen,C,37,TOT,27,15,402,38,72,2.7,4,14,25,36,98,12,15,13,9,29,105,3.9
Chris Bosh,PF,31,MIA,53,53,1778,358,767,14.5,81,222,213,268,390,128,36,34,78,101,1010,19.1
Chris Copeland,PF,31,MIL,24,1,156,17,51,2.1,10,36,6,7,10,11,2,0,6,17,50,2.1
Chris Johnson,SF,25,UTA,70,2,857,72,194,2.8,27,99,34,42,132,45,32,20,40,100,205,2.9
Chris Kaman,C,33,POR,16,2,112,20,43,2.7,1,4,3,3,24,11,1,1,8,15,44,2.8
Chris McCullough,PF,20,BRK,24,4,362,44,109,4.5,13,34,11,23,68,9,28,12,15,39,112,4.7
Chris Paul,PG,30,LAC,74,74,2420,515,1114,15.1,122,329,294,328,310,738,152,13,194,185,1446,19.5
Christian Wood,PF,20,PHI,17,0,145,22,53,3.1,4,11,13,21,38,3,5,7,2,11,61,3.6
Chuck Hayes,C,32,HOU,2,0,24,1,2,1,0,0,2,2,8,2,0,0,3,6,4,2
Cleanthony Early,SF,24,NYK,17,2,154,12,40,2.4,4,15,3,4,26,6,2,3,9,16,31,1.8
Cliff Alexander,PF,20,POR,8,0,36,5,10,1.3,0,0,0,0,6,0,1,2,1,1,10,1.3
Clint Capela,C,21,HOU,77,35,1471,231,397,5.2,0,1,80,211,494,47,59,92,60,190,542,7
Cody Zeller,C,23,CHO,73,60,1774,231,437,6,1,10,175,232,455,71,57,63,68,204,638,8.7
Cole Aldrich,C,27,LAC,60,5,800,134,225,3.8,0,0,60,84,288,50,47,68,64,139,328,5.5
Corey Brewer,SF,29,HOU,82,12,1669,212,552,6.7,61,224,105,140,199,109,84,19,78,168,590,7.2
Cory Jefferson,PF,25,PHO,8,0,50,9,22,2.8,0,1,4,6,16,0,0,1,0,8,22,2.8
Cory Joseph,SG,24,TOR,80,4,2046,257,585,7.3,30,110,133,174,210,250,63,20,102,131,677,8.5
Coty Clarke,SF,23,BOS,3,0,6,2,4,1.3,2,2,0,0,1,0,0,0,1,0,6,2
Courtney Lee,SG,30,CHO,28,28,845,98,220,7.9,31,79,23,26,87,60,33,12,23,55,250,8.9
Courtney Lee,SG,30,MEM,51,37,1489,192,419,8.2,51,138,76,92,118,76,52,16,49,79,511,10
Courtney Lee,SG,30,TOT,79,65,2334,290,639,8.1,82,217,99,118,205,136,85,28,72,134,761,9.6
Cristiano Felicio,C,23,CHI,31,4,321,40,72,2.3,0,4,25,35,102,26,6,13,13,31,105,3.4
D.J. Augustin,PG,28,DEN,28,0,659,102,229,8.2,44,107,77,94,52,132,25,2,54,44,325,11.6
D.J. Augustin,PG,28,OKC,34,0,519,46,121,3.6,24,61,26,34,43,66,13,2,30,41,142,4.2
D.J. Augustin,PG,28,TOT,62,0,1178,148,350,5.6,68,168,103,128,95,198,38,4,84,85,467,7.5
Dahntay Jones,SF,35,CLE,1,0,42,6,14,14,1,2,0,0,5,2,1,2,0,6,13,13
Damian Lillard,PG,25,POR,75,75,2676,618,1474,19.7,229,610,414,464,302,512,65,28,242,165,1879,25.1
Damien Inglis,SF,20,MIL,20,1,156,13,37,1.9,3,13,7,8,31,10,6,3,11,11,36,1.8
Damjan Rudez,SF,29,MIN,33,0,277,25,62,1.9,17,50,8,8,20,11,3,1,13,33,75,2.3
D'Angelo Russell,PG,19,LAL,80,48,2259,392,956,12,130,370,140,190,274,266,93,13,196,142,1054,13.2
Danilo Gallinari,SF,27,DEN,53,53,1839,287,700,13.2,87,239,375,432,281,135,42,19,77,87,1036,19.5
Danny Green,SG,28,SAS,79,79,2062,211,561,7.1,116,349,34,46,303,141,79,64,75,141,572,7.2
Dante Cunningham,SF,28,NOP,80,46,1971,186,412,5.2,55,174,57,82,236,77,42,33,41,173,484,6.1
Darrell Arthur,PF,27,DEN,70,16,1516,221,489,7,45,117,40,53,293,96,53,48,66,185,527,7.5
Darren Collison,PG,28,SAC,74,15,2219,377,776,10.5,87,217,194,226,169,318,76,4,130,142,1035,14
Darrun Hilliard,SG,22,DET,38,2,383,52,131,3.4,19,50,29,40,45,27,9,1,19,28,152,4
David Lee,PF,32,BOS,30,4,470,87,192,6.4,0,1,40,51,130,54,12,13,38,51,214,7.1
David Lee,PF,32,DAL,25,1,433,91,143,5.7,0,0,31,42,175,30,10,15,28,63,213,8.5
David Lee,PF,32,TOT,55,5,903,178,335,6.1,0,1,71,93,305,84,22,28,66,114,427,7.8
David West,PF,35,SAS,78,19,1404,244,448,5.7,3,7,63,80,309,143,44,55,68,142,554,7.1
DeAndre Jordan,C,27,LAC,77,77,2598,357,508,6.6,0,1,266,619,1059,90,51,177,107,207,980,12.7
DeJuan Blair,C,26,WAS,29,0,218,28,68,2.3,0,1,5,13,57,11,8,2,15,53,61,2.1
Delon Wright,PG,23,TOR,27,1,229,36,80,3,5,13,26,35,37,31,8,3,16,7,103,3.8
DeMar DeRozan,SG,26,TOR,78,78,2804,614,1377,17.7,47,139,555,653,349,315,81,21,175,167,1830,23.5
DeMarcus Cousins,C,25,SAC,65,65,2246,601,1332,20.5,70,210,476,663,747,214,101,92,249,236,1748,26.9
DeMarre Carroll,SF,29,TOR,26,22,786,105,270,10.4,46,118,30,50,122,27,44,6,28,63,286,11
Dennis Schroder,PG,22,ATL,80,6,1621,329,781,9.8,77,239,144,182,204,349,70,9,183,138,879,11
Deron Williams,PG,31,DAL,65,63,2106,321,775,11.9,97,282,179,206,190,378,61,14,150,155,918,14.1
Derrick Favors,PF,24,UTA,62,59,1983,418,811,13.1,0,4,180,254,503,94,74,91,104,150,1016,16.4
Derrick Rose,PG,27,CHI,66,66,2097,447,1048,15.9,44,150,142,179,225,311,44,14,175,84,1080,16.4
Derrick Williams,SF,24,NYK,80,9,1435,254,565,7.1,44,150,194,256,296,75,29,9,61,69,746,9.3
Devin Booker,SG,19,PHO,76,51,2108,367,867,11.4,99,289,215,256,187,200,44,20,160,225,1048,13.8
Devin Harris,PG,32,DAL,64,0,1280,167,374,5.8,52,158,101,140,138,118,60,13,66,124,487,7.6
Devyn Marble,SG,23,ORL,28,0,249,21,71,2.5,8,32,10,24,38,12,13,1,7,25,60,2.1
Dewayne Dedmon,C,26,ORL,58,20,705,99,177,3.1,0,0,57,76,228,13,22,46,32,109,255,4.4
Dion Waiters,SG,24,OKC,78,15,2152,282,706,9.1,86,240,112,157,202,154,81,15,120,143,762,9.8
Dirk Nowitzki,PF,37,DAL,75,75,2364,498,1112,14.8,126,342,250,280,489,132,52,52,84,161,1372,18.3
Donald Sloan,PG,28,BRK,61,33,1318,154,350,5.7,38,99,78,104,173,268,32,4,80,73,424,7
Donatas Motiejunas,PF,25,HOU,37,22,547,90,205,5.5,16,57,34,53,109,41,17,5,44,69,230,6.2
Doug McDermott,SF,24,CHI,81,4,1861,291,644,8,110,259,72,84,195,59,14,6,53,127,764,9.4
Draymond Green,PF,25,GSW,81,81,2808,401,819,10.1,100,258,229,329,769,598,119,113,259,240,1131,14
Drew Gooden,PF,34,WAS,30,0,305,33,103,3.4,7,41,9,14,85,13,8,11,13,40,82,2.7
Duje Dukan,SF,24,SAC,1,0,24,2,10,10,2,5,0,0,4,1,1,0,0,2,6,6
Dwight Howard,C,30,HOU,71,71,2280,372,600,8.5,0,6,232,474,835,98,69,113,166,219,976,13.7
Dwight Powell,PF,24,DAL,69,2,992,146,296,4.3,2,16,105,142,273,44,36,24,40,118,399,5.8
Dwyane Wade,SG,34,MIA,74,73,2258,540,1183,16,7,44,322,406,302,344,79,42,203,116,1409,19
Ed Davis,PF,26,POR,81,0,1684,206,337,4.2,0,0,114,204,599,88,57,72,64,202,526,6.5
Elfrid Payton,PG,21,ORL,73,69,2145,318,730,10,30,92,112,190,261,468,89,20,177,159,778,10.7
Elijah Millsap,SG,28,UTA,20,0,173,11,39,2,1,12,13,18,35,19,7,3,9,33,36,1.8
Elliot Williams,PG,26,MEM,5,0,45,2,10,2,1,4,3,4,4,4,0,0,1,2,8,1.6
Elton Brand,C,36,PHI,17,1,225,31,72,4.2,0,1,8,9,63,18,9,8,11,32,70,4.1
Emmanuel Mudiay,PG,19,DEN,68,66,2068,329,905,13.3,74,232,140,209,232,372,65,35,217,141,872,12.8
Enes Kanter,C,23,OKC,82,1,1721,414,719,8.8,10,21,200,251,664,33,26,33,115,166,1038,12.7
Eric Bledsoe,PG,26,PHO,31,31,1059,223,492,15.9,48,129,138,172,125,190,63,19,110,75,632,20.4
Eric Gordon,SG,27,NOP,45,44,1481,231,552,12.3,113,294,111,125,99,121,43,14,73,98,686,15.2
Eric Moreland,PF,24,SAC,8,0,48,3,6,0.8,0,0,2,4,11,1,0,4,3,4,8,1
Erick Green,PG,24,DEN,3,0,7,0,1,0.3,0,1,0,0,1,1,0,0,0,0,0,0
Erick Green,PG,24,TOT,9,0,42,5,13,1.4,1,5,2,2,6,3,1,0,0,4,13,1.4
Erick Green,PG,24,UTA,6,0,35,5,12,2,1,4,2,2,5,2,1,0,0,4,13,2.2
Ersan Ilyasova,PF,28,DET,52,52,1434,216,508,9.8,78,215,79,109,282,55,38,27,59,120,589,11.3
Ersan Ilyasova,PF,28,ORL,22,4,447,64,153,7,18,44,32,45,121,12,14,6,12,51,178,8.1
Ersan Ilyasova,PF,28,TOT,74,56,1881,280,661,8.9,96,259,111,154,403,67,52,33,71,171,767,10.4
E'Twaun Moore,SG,26,CHI,59,22,1263,187,389,6.6,47,104,22,35,133,99,37,18,53,103,443,7.5
Evan Fournier,SF,23,ORL,79,71,2566,429,929,11.8,156,390,199,238,225,213,96,2,133,214,1213,15.4
Evan Turner,SG,27,BOS,81,12,2271,343,753,9.3,20,83,148,179,397,359,80,28,169,139,854,10.5
Festus Ezeli,C,26,GSW,46,13,770,125,228,5,0,0,70,132,257,32,18,50,38,94,320,7
Frank Kaminsky,C,22,CHO,81,3,1708,215,525,6.5,68,202,108,148,335,98,38,43,58,126,606,7.5
Garrett Temple,SF,29,WAS,80,43,1951,201,505,6.3,89,258,91,125,212,140,69,18,64,195,582,7.3
Gary Harris,SG,21,DEN,76,76,2439,359,765,10.1,105,297,109,133,220,147,97,18,98,143,932,12.3
Gary Neal,SG,31,WAS,40,2,807,151,325,8.1,41,100,47,55,83,47,20,1,29,55,390,9.8
George Hill,PG,29,IND,74,73,2524,326,739,10,128,314,114,150,298,259,83,17,101,149,894,12.1
Gerald Green,SG,30,MIA,69,14,1557,230,587,8.5,84,260,72,92,163,56,38,19,46,123,616,8.9
Gerald Henderson,SG,28,POR,72,0,1431,232,529,7.3,48,136,112,146,211,75,39,19,68,87,624,8.7
Giannis Antetokounmpo,PG,21,MIL,80,79,2823,513,1013,12.7,28,109,296,409,612,345,94,113,208,258,1350,16.9
Glenn Robinson,SF,22,IND,45,4,508,65,151,3.4,14,37,27,39,68,26,17,9,18,21,171,3.8
Goran Dragic,PG,29,MIA,72,72,2363,417,875,12.2,64,205,120,165,277,419,71,17,185,188,1018,14.1
Gordon Hayward,SF,25,UTA,80,80,2893,521,1202,15,143,410,393,477,397,296,95,27,202,183,1578,19.7
Gorgui Dieng,C,26,MIN,82,39,2220,308,579,7.1,6,20,205,248,585,143,94,96,140,219,827,10.1
Greg Monroe,C,25,MIL,79,67,2314,491,941,11.9,0,1,228,308,696,178,72,67,129,163,1210,15.3
Greg Smith,PF,25,MIN,18,0,192,18,32,1.8,0,0,7,17,42,6,4,1,7,28,43,2.4
Greivis Vasquez,PG,29,MIL,23,0,460,45,138,6,18,73,22,26,47,91,10,0,40,42,130,5.7
Harrison Barnes,SF,23,GSW,66,59,2042,295,633,9.6,82,214,102,134,325,117,41,10,57,136,774,11.7
Hassan Whiteside,C,26,MIA,73,43,2125,413,682,9.3,0,0,214,329,865,30,44,269,137,201,1040,14.2
Henry Sims,C,25,BRK,14,4,263,33,77,5.5,0,0,25,30,72,9,9,14,12,37,91,6.5
Hollis Thompson,SG,24,PHI,77,17,2154,270,680,8.8,149,392,69,96,272,99,36,24,76,187,758,9.8
Ian Clark,SG,24,GSW,66,1,578,89,202,3.1,30,84,28,34,68,64,17,13,43,58,236,3.6
Ian Mahinmi,C,29,IND,71,71,1816,264,448,6.3,0,0,132,225,507,104,65,75,100,220,660,9.3
Iman Shumpert,SG,25,CLE,54,5,1316,114,305,5.6,43,146,40,51,203,92,54,19,57,119,311,5.8
Isaiah Canaan,SG,24,PHI,77,39,1966,260,722,9.4,176,485,150,180,174,137,56,12,91,133,846,11
Isaiah Thomas,PG,26,BOS,82,79,2644,591,1382,16.9,167,465,474,544,243,509,91,9,220,167,1823,22.2
Ish Smith,PG,27,NOP,27,3,617,98,228,8.4,10,33,33,43,92,154,24,6,45,38,239,8.9
Ish Smith,PG,27,PHI,50,50,1622,299,739,14.8,46,137,89,133,213,348,64,18,130,95,733,14.7
Ish Smith,PG,27,TOT,77,53,2239,397,967,12.6,56,170,122,176,305,502,88,24,175,133,972,12.6
J.J. Barea,PG,31,DAL,74,16,1667,317,711,9.6,100,260,74,96,152,302,26,2,113,110,808,10.9
J.J. Hickson,C,27,DEN,20,9,305,55,109,5.5,0,0,27,59,87,16,10,12,16,35,137,6.9
J.J. Hickson,C,27,TOT,35,9,436,80,155,4.4,0,1,46,103,132,23,15,14,25,47,206,5.9
J.J. Hickson,C,27,WAS,15,0,131,25,46,3.1,0,1,19,44,45,7,5,2,9,12,69,4.6
J.J. O'Brien,SF,23,UTA,2,0,6,0,1,0.5,0,0,0,0,1,0,1,0,0,1,0,0
J.J. Redick,SG,31,LAC,75,75,2097,422,880,11.7,200,421,182,205,139,106,42,5,78,135,1226,16.3
J.R. Smith,SG,30,CLE,77,77,2362,353,850,11,204,510,45,71,217,130,81,21,59,204,955,12.4
Jabari Parker,PF,20,MIL,76,72,2408,443,899,11.8,9,35,175,228,395,130,69,29,116,154,1070,14.1
Jae Crowder,SF,25,BOS,73,73,2308,360,813,11.1,122,363,196,239,373,135,126,35,83,198,1038,14.2
Jahlil Okafor,C,20,PHI,53,48,1591,397,781,14.7,1,6,133,194,373,65,22,61,124,140,928,17.5
JaKarr Sampson,SF,22,DEN,26,22,469,54,115,4.4,8,29,18,25,61,16,12,17,19,51,134,5.2
JaKarr Sampson,SF,22,PHI,47,18,691,86,202,4.3,6,34,62,97,129,30,11,16,51,91,240,5.1
JaKarr Sampson,SF,22,TOT,73,40,1160,140,317,4.3,14,63,80,122,190,46,23,33,70,142,374,5.1
Jamal Crawford,SG,35,LAC,79,5,2126,379,939,11.9,117,344,245,271,145,183,52,12,113,122,1120,14.2
Jameer Nelson,PG,33,DEN,39,15,1036,113,307,7.9,43,144,30,35,115,190,25,5,66,100,299,7.7
James Anderson,SG,26,SAC,51,15,721,67,178,3.5,23,86,22,29,86,41,21,14,42,54,179,3.5
James Ennis,SF,25,MEM,10,0,40,4,13,1.3,2,8,6,10,7,2,4,2,2,1,16,1.6
James Ennis,SF,25,MIA,3,0,7,0,0,0,0,0,0,0,0,1,0,0,0,1,0,0
James Ennis,SF,25,NOP,9,5,282,50,100,11.1,24,50,19,24,35,18,12,3,17,26,143,15.9
James Ennis,SF,25,TOT,22,5,329,54,113,5.1,26,58,25,34,42,21,16,5,19,28,159,7.2
James Harden,SG,26,HOU,82,82,3125,710,1617,19.7,236,657,720,837,501,612,139,51,374,229,2376,29
James Johnson,PF,28,TOR,57,32,926,114,240,4.2,20,66,39,68,126,67,29,33,54,84,287,5
James Jones,SF,35,CLE,48,0,463,58,142,3,41,104,21,26,50,14,11,10,13,50,178,3.7
James Michael McAdoo,PF,23,GSW,41,1,262,45,84,2,1,2,26,49,58,17,10,8,16,39,117,2.9
James Young,SG,20,BOS,29,0,199,11,36,1.2,6,26,1,4,26,9,6,1,5,17,29,1
JaMychal Green,PF,25,MEM,78,15,1446,230,495,6.3,15,45,103,137,373,67,46,33,83,189,578,7.4
Jared Cunningham,SG,24,CLE,40,3,355,32,91,2.3,10,32,30,48,29,19,12,2,18,37,104,2.6
Jared Cunningham,SG,24,MIL,4,0,55,4,14,3.5,2,7,6,7,9,1,2,0,3,4,16,4
Jared Cunningham,SG,24,TOT,44,3,410,36,105,2.4,12,39,36,55,38,20,14,2,21,41,120,2.7
Jared Dudley,PF,30,WAS,81,41,2098,233,487,6,100,238,72,98,286,170,75,18,80,190,638,7.9
Jared Sullinger,PF,23,BOS,81,73,1915,351,806,10,29,103,103,161,673,187,75,47,102,209,834,10.3
Jarell Eddie,SF,24,WAS,26,0,147,20,65,2.5,15,47,8,8,23,5,5,1,1,5,63,2.4
Jarell Martin,PF,21,MEM,27,0,380,54,116,4.3,0,2,45,62,86,15,8,7,19,58,153,5.7
Jarnell Stokes,C,22,MEM,2,0,4,0,0,0,0,0,0,0,2,0,0,0,0,0,0,0
Jarnell Stokes,C,22,MIA,5,0,14,3,5,1,0,0,1,2,2,1,1,0,0,1,7,1.4
Jarnell Stokes,C,22,TOT,7,0,18,3,5,0.7,0,0,1,2,4,1,1,0,0,1,7,1
Jarrett Jack,PG,32,BRK,32,32,1027,140,358,11.2,31,102,100,112,136,236,34,7,94,77,411,12.8
Jason Smith,C,29,ORL,76,2,1181,244,503,6.6,4,16,54,67,219,62,33,65,57,163,546,7.2
Jason Terry,SG,38,HOU,72,7,1258,151,376,5.2,93,261,27,33,79,103,47,9,49,91,422,5.9
Jason Thompson,C,29,GSW,28,1,179,20,42,1.5,0,0,20,32,54,19,4,8,7,40,60,2.1
Jason Thompson,C,29,TOR,19,6,292,32,66,3.5,5,15,18,22,80,10,8,12,8,40,87,4.6
Jason Thompson,C,29,TOT,47,7,471,52,108,2.3,5,15,38,54,134,29,12,20,15,80,147,3.1
JaVale McGee,C,28,DAL,34,2,370,77,134,3.9,0,1,18,36,133,3,5,26,21,49,172,5.1
Jeff Ayres,C,28,LAC,17,0,107,12,23,1.4,0,1,6,6,22,5,0,3,6,18,30,1.8
Jeff Green,SF,29,LAC,27,10,709,114,267,9.9,25,77,40,65,91,40,18,21,24,62,293,10.9
Jeff Green,SF,29,MEM,53,31,1544,240,557,10.5,42,136,124,155,241,98,40,19,69,102,646,12.2
Jeff Green,SF,29,TOT,80,41,2253,354,824,10.3,67,213,164,220,332,138,58,40,93,164,939,11.7
Jeff Teague,PG,27,ATL,79,78,2255,434,988,12.5,110,275,261,312,214,470,97,24,218,167,1239,15.7
Jeff Withey,C,25,UTA,51,10,658,87,162,3.2,0,2,43,59,173,20,21,53,28,75,217,4.3
Jerami Grant,SF,21,PHI,77,52,2066,251,599,7.8,35,146,212,322,361,135,54,127,110,215,749,9.7
Jeremy Evans,SF,28,DAL,30,2,251,26,48,1.6,4,16,15,21,54,2,6,9,7,19,71,2.4
Jeremy Lamb,SG,23,CHO,66,0,1227,230,510,7.7,56,181,64,88,252,77,42,30,50,105,580,8.8
Jeremy Lin,SG,27,CHO,78,13,2048,300,728,9.3,76,226,238,292,253,235,58,42,150,165,914,11.7
Jerian Grant,PG,23,NYK,76,6,1265,154,391,5.1,22,100,96,123,143,177,50,10,87,97,426,5.6
Jerryd Bayless,SG,27,MIL,52,18,1505,185,437,8.4,101,231,70,90,141,163,47,11,73,111,541,10.4
Jimmer Fredette,SG,26,NOP,4,0,13,1,4,1,0,1,0,0,0,1,1,0,1,1,2,0.5
Jimmer Fredette,SG,26,NYK,2,0,5,1,1,0.5,1,1,4,5,0,0,0,0,1,1,7,3.5
Jimmer Fredette,SG,26,TOT,6,0,18,2,5,0.8,1,2,4,5,0,1,1,0,2,2,9,1.5
Jimmy Butler,SG,26,CHI,67,67,2474,470,1035,15.4,64,205,395,475,358,321,110,43,132,124,1399,20.9
Joakim Noah,C,30,CHI,29,2,635,51,133,4.6,0,1,22,45,255,110,18,29,52,77,124,4.3
Jodie Meeks,SG,28,DET,3,0,43,7,20,6.7,4,9,4,4,5,3,0,0,1,2,22,7.3
Joe Harris,SG,24,CLE,5,0,15,1,4,0.8,1,4,0,0,3,2,0,0,1,1,3,0.6
Joe Ingles,SF,28,UTA,81,2,1241,124,291,3.6,81,210,13,18,151,96,55,4,65,98,342,4.2
Joe Johnson,SF,34,BRK,57,57,1934,247,608,10.7,85,229,92,108,224,232,40,2,116,100,671,11.8
Joe Johnson,SF,34,MIA,24,24,769,130,251,10.5,35,84,26,34,68,86,21,2,43,46,321,13.4
Joe Johnson,SF,34,TOT,81,81,2703,377,859,10.6,120,313,118,142,292,318,61,4,159,146,992,12.2
Joe Young,PG,23,IND,41,0,384,62,169,4.1,10,46,20,25,50,65,15,0,33,30,154,3.8
Joel Anthony,C,33,DET,19,0,96,6,10,0.5,0,0,6,8,21,1,2,12,2,15,18,0.9
Joffrey Lauvergne,C,24,DEN,59,15,1041,195,380,6.4,13,53,62,69,290,56,13,15,54,115,465,7.9
John Henson,C,25,MIL,57,1,960,164,291,5.1,0,1,69,117,221,54,18,109,64,131,397,7
John Jenkins,SG,24,DAL,21,1,193,29,70,3.3,3,19,8,9,22,9,3,0,11,11,69,3.3
John Jenkins,SG,24,PHO,22,2,287,42,90,4.1,13,32,12,15,35,26,5,1,16,11,109,5
John Jenkins,SG,24,TOT,43,3,480,71,160,3.7,16,51,20,24,57,35,8,1,27,22,178,4.1
John Wall,PG,25,WAS,77,77,2784,572,1349,17.5,115,328,272,344,379,789,145,59,318,159,1531,19.9
Johnny O'Bryant,PF,22,MIL,66,4,857,86,209,3.2,1,1,27,40,176,32,18,8,31,100,200,3
Jon Leuer,PF,26,PHO,67,27,1255,224,466,7,42,110,77,101,373,72,38,30,75,125,567,8.5
Jonas Jerebko,PF,28,BOS,78,0,1176,118,286,3.7,43,108,61,78,288,62,20,24,52,137,340,4.4
Jonas Valanciunas,C,23,TOR,60,59,1557,303,536,8.9,0,0,162,213,547,42,25,80,85,158,768,12.8
Jonathon Simmons,SG,26,SAS,55,2,813,122,242,4.4,18,47,69,92,96,58,24,5,53,103,331,6
Jordan Adams,SG,21,MEM,2,0,15,2,6,3,0,1,3,5,2,3,3,0,2,2,7,3.5
Jordan Clarkson,SG,23,LAL,79,79,2552,475,1098,13.9,111,320,164,204,313,192,88,7,135,168,1225,15.5
Jordan Farmar,PG,29,MEM,12,10,291,42,100,8.3,16,45,10,10,25,37,15,2,18,22,110,9.2
Jordan Hamilton,SF,25,NOP,11,4,304,49,116,10.5,13,45,14,21,62,25,8,3,17,24,125,11.4
Jordan Hill,C,28,IND,73,11,1513,278,549,7.5,0,1,89,125,451,87,36,37,92,155,645,8.8
Jordan McRae,PG,24,CLE,15,1,113,23,52,3.5,7,11,9,13,12,15,0,1,9,10,62,4.1
Jordan McRae,PG,24,PHO,7,0,82,11,26,3.7,3,11,12,15,8,10,3,0,6,7,37,5.3
Jordan McRae,PG,24,TOT,22,1,195,34,78,3.5,10,22,21,28,20,25,3,1,15,17,99,4.5
Jordan Mickey,PF,21,BOS,16,0,57,8,22,1.4,0,0,5,10,13,1,0,11,1,5,21,1.3
Jorge Gutierrez,PG,27,CHO,12,0,63,6,11,0.9,0,2,10,11,7,17,3,0,6,3,22,1.8
Jose Calderon,PG,34,NYK,72,72,2024,209,455,6.3,84,203,42,48,229,299,63,7,87,135,544,7.6
Josh Huestis,PF,24,OKC,5,0,55,5,12,2.4,4,6,0,4,10,0,1,2,3,3,14,2.8
Josh McRoberts,PF,28,MIA,42,1,595,55,148,3.5,12,49,28,40,105,81,18,7,30,68,150,3.6
Josh Richardson,SG,22,MIA,52,2,1107,123,272,5.2,53,115,42,63,107,73,36,25,35,107,341,6.6
Josh Smith,PF,30,HOU,23,6,421,58,169,7.3,23,85,12,25,67,48,16,13,36,56,151,6.6
Josh Smith,PF,30,LAC,32,1,459,69,180,5.6,18,58,25,42,125,42,18,34,41,62,181,5.7
Josh Smith,PF,30,TOT,55,7,880,127,349,6.3,41,143,37,67,192,90,34,47,77,118,332,6
Jrue Holiday,PG,25,NOP,65,23,1831,410,935,14.4,87,259,182,216,195,391,88,22,167,148,1089,16.8
Julius Randle,PF,21,LAL,81,60,2286,358,835,10.3,10,36,193,270,829,144,53,29,149,242,919,11.3
Justin Anderson,SF,22,DAL,55,9,647,71,175,3.2,22,83,44,55,132,29,19,25,24,45,208,3.8
Justin Harper,PF,26,DET,5,0,35,4,10,2,4,9,1,2,1,0,1,0,2,3,13,2.6
Justin Holiday,SG,26,ATL,26,1,263,24,73,2.8,10,45,5,10,27,11,13,4,13,21,63,2.4
Justin Holiday,SG,26,CHI,27,4,510,64,155,5.7,26,60,22,27,63,45,19,15,26,40,176,6.5
Justin Holiday,SG,26,TOT,53,5,773,88,228,4.3,36,105,27,37,90,56,32,19,39,61,239,4.5
Justise Winslow,SF,19,MIA,78,8,2232,195,462,5.9,32,116,80,117,403,117,68,26,95,184,502,6.4
Jusuf Nurkic,C,21,DEN,32,3,547,101,242,7.6,0,3,61,99,175,40,24,44,55,91,263,8.2
K.J. McDaniels,SF,22,HOU,37,1,235,29,72,1.9,7,25,24,30,42,10,7,6,17,30,89,2.4
Karl-Anthony Towns,C,20,MIN,82,82,2627,625,1153,14.1,30,88,223,275,857,161,58,138,183,245,1503,18.3
Kawhi Leonard,SF,24,SAS,72,72,2380,551,1090,15.1,129,291,292,334,493,186,128,71,105,133,1523,21.2
Keith Appling,PG,23,ORL,5,0,27,2,8,1.6,0,3,2,2,1,1,1,0,3,5,6,1.2
Kelly Olynyk,C,24,BOS,69,8,1395,253,556,8.1,85,210,96,128,281,105,52,33,74,163,687,10
Kelly Oubre,SF,20,WAS,63,9,671,90,211,3.3,25,79,31,49,133,13,22,7,34,100,236,3.7
Kemba Walker,PG,25,CHO,81,81,2885,568,1331,16.4,182,490,371,438,357,421,126,39,171,111,1689,20.9
Kendall Marshall,PG,24,PHI,30,6,400,43,118,3.9,16,49,9,13,28,73,16,2,43,30,111,3.7
Kendrick Perkins,C,31,NOP,37,5,542,40,75,2,0,0,11,25,128,31,11,11,41,64,91,2.5
Kenneth Faried,PF,26,DEN,67,64,1694,349,626,9.3,1,2,136,222,581,79,32,60,91,169,835,12.5
Kent Bazemore,SF,26,ATL,75,68,2083,320,725,9.7,109,305,123,151,379,171,98,38,138,176,872,11.6
Kentavious Caldwell-Pope,SG,22,DET,76,76,2789,403,960,12.6,114,369,185,228,282,138,110,17,105,167,1105,14.5
Kevin Durant,SF,27,OKC,72,72,2578,698,1381,19.2,186,481,447,498,589,361,69,85,250,137,2029,28.2
Kevin Garnett,PF,39,MIN,38,38,556,54,115,3,0,1,14,21,150,62,28,10,16,70,122,3.2
Kevin Love,PF,27,CLE,77,77,2424,409,977,12.7,158,439,258,314,762,186,58,41,142,159,1234,16
Kevin Martin,SG,32,MIN,39,12,834,126,334,8.6,38,103,125,142,81,46,17,1,41,68,415,10.6
Kevin Martin,SG,32,SAS,16,1,261,30,85,5.3,11,33,28,30,29,12,9,2,13,15,99,6.2
Kevin Martin,SG,32,TOT,55,13,1095,156,419,7.6,49,136,153,172,110,58,26,3,54,83,514,9.3
Kevin Seraphin,C,26,NYK,48,0,526,84,205,4.3,0,2,19,23,126,47,8,36,43,67,187,3.9
Kevon Looney,PF,19,GSW,5,0,21,4,7,1.4,1,2,0,0,10,0,0,0,1,2,9,1.8
Khris Middleton,SG,24,MIL,79,79,2852,507,1142,14.5,143,361,277,312,302,331,131,19,180,204,1434,18.2
Kirk Hinrich,PG,35,ATL,11,0,76,2,11,1,1,6,0,0,12,14,2,1,3,1,5,0.5
Kirk Hinrich,PG,35,CHI,35,7,555,47,118,3.4,23,56,15,16,58,59,13,1,27,63,132,3.8
Kirk Hinrich,PG,35,TOT,46,7,631,49,129,2.8,24,62,15,16,70,73,15,2,30,64,137,3
Klay Thompson,SG,25,GSW,80,80,2666,651,1386,17.3,276,650,193,221,306,166,60,49,138,152,1771,22.1
Kobe Bryant,SF,37,LAL,66,66,1863,398,1113,16.9,133,467,232,281,247,184,62,13,129,115,1161,17.6
Kosta Koufos,C,26,SAC,78,14,1482,236,444,5.7,0,0,57,104,423,33,40,70,48,185,529,6.8
Kostas Papanikolaou,SF,25,DEN,26,6,294,24,66,2.5,10,32,9,14,40,16,13,5,21,24,67,2.6
Kris Humphries,PF,30,ATL,21,0,295,47,101,4.8,8,31,32,45,71,13,10,7,14,44,134,6.4
Kris Humphries,PF,30,PHO,4,3,74,10,36,9,3,10,6,8,32,7,3,2,4,8,29,7.3
Kris Humphries,PF,30,TOT,53,17,835,121,295,5.6,34,108,67,84,218,36,16,23,38,94,343,6.5
Kris Humphries,PF,30,WAS,28,14,466,64,158,5.6,23,67,29,31,115,16,3,14,20,42,180,6.4
Kristaps Porzingis,PF,20,NYK,72,72,2047,373,886,12.3,81,243,201,240,526,93,53,134,121,205,1028,14.3
Kyle Anderson,SF,22,SAS,78,11,1245,138,295,3.8,12,37,62,83,244,123,60,29,59,97,350,4.5
Kyle Korver,SG,34,ATL,80,80,2401,268,616,7.7,158,397,45,54,260,164,60,35,98,161,739,9.2
Kyle Lowry,PG,29,TOR,77,77,2851,512,1198,15.6,212,547,398,491,365,494,158,34,225,211,1634,21.2
Kyle O'Quinn,PF,25,NYK,65,1,764,129,271,4.2,5,22,46,60,250,72,20,49,61,107,309,4.8
Kyle Singler,SF,27,OKC,68,2,977,86,221,3.3,30,97,29,44,141,24,30,9,32,120,231,3.4
Kyrie Irving,PG,23,CLE,53,53,1667,394,879,16.6,84,262,169,191,157,249,56,18,124,107,1041,19.6
Lamar Patterson,SG,24,ATL,35,0,395,28,80,2.3,12,49,16,22,50,39,9,2,23,45,84,2.4
LaMarcus Aldridge,PF,30,SAS,74,74,2261,536,1045,14.1,0,16,259,302,632,110,38,81,99,151,1331,18
Lance Stephenson,SF,25,LAC,43,10,680,82,166,3.9,19,47,21,30,108,60,24,3,48,79,204,4.7
Lance Stephenson,SF,25,MEM,26,3,692,146,308,11.8,11,31,66,81,115,73,19,6,46,56,369,14.2
Lance Stephenson,SF,25,TOT,69,13,1372,228,474,6.9,30,78,87,111,223,133,43,9,94,135,573,8.3
Lance Thomas,PF,27,NYK,59,5,1313,169,382,6.5,44,109,102,119,131,53,22,7,57,109,484,8.2
Langston Galloway,PG,24,NYK,82,7,2033,231,588,7.2,77,224,86,114,288,207,77,22,61,177,625,7.6
Larry Nance Jr.,PF,23,LAL,63,22,1266,158,300,4.8,1,10,32,47,312,44,54,23,41,124,349,5.5
Lavoy Allen,PF,26,IND,79,28,1599,191,370,4.7,0,0,46,73,424,76,26,42,69,147,428,5.4
Leandro Barbosa,SG,33,GSW,68,0,1079,171,370,5.4,39,110,52,62,117,82,44,10,53,107,433,6.4
LeBron James,SF,31,CLE,76,76,2709,737,1416,18.6,87,282,359,491,565,514,104,49,249,143,1920,25.3
Lorenzo Brown,PG,25,PHO,8,0,61,8,25,3.1,1,8,3,4,7,11,3,1,9,4,20,2.5
Lou Amundson,PF,33,NYK,29,0,204,19,53,1.8,0,0,14,27,49,12,6,7,15,44,52,1.8
Lou Williams,SG,29,LAL,67,35,1907,283,693,10.3,110,320,352,424,169,167,62,19,107,107,1028,15.3
Luc Mbah a Moute,PF,29,LAC,75,61,1274,94,207,2.8,13,40,30,57,171,30,44,19,34,100,231,3.1
Lucas Nogueira,C,23,TOR,29,1,225,28,44,1.5,1,3,8,15,46,7,12,12,11,29,65,2.2
Luis Montero,SG,22,POR,12,0,42,5,19,1.6,1,9,3,4,4,1,0,0,4,1,14,1.2
Luis Scola,PF,35,TOR,76,76,1636,269,598,7.9,65,161,61,84,360,66,46,27,68,178,664,8.7
Luke Babbitt,SF,26,NOP,47,13,845,122,289,6.1,44,109,39,50,148,53,11,7,23,90,327,7
Luol Deng,PF,30,MIA,74,73,2394,339,745,10.1,88,256,145,192,443,140,74,29,81,122,911,12.3
Manu Ginobili,SG,38,SAS,58,0,1134,197,435,7.5,70,179,91,112,146,177,66,11,99,99,555,9.6
Marc Gasol,C,31,MEM,52,52,1791,328,707,13.6,2,3,203,245,362,196,50,70,118,141,861,16.6
Marcelo Huertas,PG,32,LAL,53,0,869,97,230,4.3,16,61,27,29,90,182,26,7,80,76,237,4.5
Marcin Gortat,C,31,WAS,75,74,2256,433,764,10.2,0,1,146,207,741,106,47,96,121,193,1012,13.5
Marco Belinelli,SG,29,SAC,68,7,1672,245,635,9.3,91,297,115,138,117,127,37,2,80,91,696,10.2
Marcus Morris,SF,26,DET,80,80,2856,410,945,11.8,108,298,203,271,404,201,67,23,140,170,1131,14.1
Marcus Smart,PG,21,BOS,61,10,1667,184,529,8.7,61,241,129,166,255,185,91,18,80,183,558,9.1
Marcus Thornton,SG,28,HOU,47,6,885,174,435,9.3,73,216,51,58,115,66,34,3,40,73,472,10
Marcus Thornton,SG,28,TOT,61,8,1109,216,542,8.9,91,270,67,79,150,85,47,4,51,90,590,9.7
Marcus Thornton,SG,28,WAS,14,2,224,42,107,7.6,18,54,16,21,35,19,13,1,11,17,118,8.4
Mario Chalmers,PG,29,MEM,55,7,1253,172,412,7.5,45,138,206,249,143,211,80,12,101,165,595,10.8
Mario Chalmers,PG,29,MIA,6,0,120,10,32,5.3,1,11,12,13,14,19,8,1,9,16,33,5.5
Mario Chalmers,PG,29,TOT,61,7,1373,182,444,7.3,46,149,218,262,157,230,88,13,110,181,628,10.3
Mario Hezonja,SF,20,ORL,79,9,1413,181,418,5.3,67,192,49,54,176,109,39,17,97,124,478,6.1
Markel Brown,SG,24,BRK,62,6,982,127,322,5.2,38,121,71,94,122,91,38,15,54,94,363,5.9
Markieff Morris,PF,26,PHO,37,24,917,171,431,11.6,22,76,66,92,194,87,33,17,90,104,430,11.6
Markieff Morris,PF,26,TOT,64,45,1629,305,718,11.2,47,155,108,147,352,124,58,34,135,184,765,12
Markieff Morris,PF,26,WAS,27,21,712,134,287,10.6,25,79,42,55,158,37,25,17,45,80,335,12.4
Marreese Speights,C,28,GSW,72,0,832,197,456,6.3,24,62,94,114,239,61,19,34,66,117,512,7.1
Marvin Williams,PF,29,CHO,81,81,2338,338,747,9.2,152,378,120,144,521,110,58,77,62,133,948,11.7
Mason Plumlee,C,25,POR,82,82,2084,267,517,6.3,0,4,215,335,628,226,68,85,154,253,749,9.1
Matt Barnes,SF,35,MEM,76,45,2190,264,693,9.1,119,370,111,138,420,163,78,57,121,234,758,10
Matt Bonner,C,35,SAS,30,2,206,29,57,1.9,15,34,3,4,27,9,6,1,3,16,76,2.5
Matthew Dellavedova,PG,25,CLE,76,14,1867,207,511,6.7,98,239,57,66,162,337,44,9,116,178,569,7.5
Maurice Harkless,SF,22,POR,78,14,1457,195,411,5.3,39,140,69,111,280,67,49,35,62,124,498,6.4
Metta World Peace,SF,36,LAL,35,5,590,55,177,5.1,26,84,40,57,89,27,22,11,15,67,176,5
Meyers Leonard,PF,23,POR,61,10,1333,195,435,7.1,86,228,35,46,314,92,8,18,77,183,511,8.4
Michael Beasley,SF,27,HOU,20,0,363,107,205,10.3,3,9,38,49,98,16,11,9,24,39,255,12.8
Michael Carter-Williams,PG,24,MIL,54,37,1649,251,555,10.3,15,55,106,162,276,281,80,41,153,162,623,11.5
Michael Kidd-Gilchrist,SF,22,CHO,7,7,205,33,61,8.7,3,7,20,29,45,9,3,3,8,9,89,12.7
Mike Conley,PG,28,MEM,56,56,1761,294,696,12.4,78,215,191,229,164,342,67,16,84,100,857,15.3
Mike Dunleavy,SF,35,CHI,31,30,703,77,188,6.1,39,99,29,37,83,39,14,10,26,66,222,7.2
Mike Miller,SF,35,DEN,47,2,373,22,62,1.3,19,52,0,0,53,40,13,4,17,53,63,1.3
Mike Muscala,C,24,ATL,60,0,565,76,152,2.5,12,39,31,39,117,34,13,27,27,72,195,3.3
Mike Scott,PF,27,ATL,75,0,1146,176,376,5,62,158,50,63,206,78,25,17,42,102,464,6.2
Miles Plumlee,C,27,MIL,61,14,870,140,233,3.8,0,0,34,59,232,16,21,50,40,73,314,5.1
Mirza Teletovic,PF,30,PHO,79,1,1686,332,777,9.8,181,460,120,155,302,89,32,21,84,159,965,12.2
Mitch McGary,PF,23,OKC,20,0,72,11,23,1.2,0,4,4,10,18,3,1,2,7,10,26,1.3
Mo Williams,PG,33,CLE,41,14,748,132,302,7.4,36,102,38,42,72,98,14,5,57,60,338,8.2
Monta Ellis,SG,30,IND,81,81,2734,436,1021,12.6,87,282,162,206,271,383,150,37,203,174,1121,13.8
Montrezl Harrell,PF,22,HOU,39,1,379,58,90,2.3,0,1,24,46,65,17,11,11,17,48,140,3.6
Myles Turner,C,19,IND,60,30,1367,264,530,8.8,3,14,88,121,332,41,25,86,67,158,619,10.3
Nate Robinson,PG,31,NOP,2,1,23,0,1,0.5,0,1,0,0,0,4,1,0,0,5,0,0
Nazr Mohammed,C,38,OKC,5,0,19,3,5,1,0,0,2,2,4,0,0,0,3,4,8,1.6
Nemanja Bjelica,PF,27,MIN,60,0,1075,110,235,3.9,48,125,40,55,210,83,26,21,47,154,308,5.1
Nene Hilario,PF,33,WAS,57,11,1094,209,384,6.7,0,3,107,185,259,97,54,26,76,156,525,9.2
Nerlens Noel,C,21,PHI,67,62,1965,306,587,8.8,1,2,134,227,542,122,118,100,158,192,747,11.1
Nick Collison,PF,35,OKC,59,4,699,50,109,1.8,0,2,23,33,171,52,15,16,50,107,123,2.1
Nick Young,SG,30,LAL,54,2,1033,126,372,6.9,77,237,63,76,97,34,23,7,30,50,392,7.3
Nicolas Batum,SF,27,CHO,70,70,2448,372,873,12.5,139,399,163,192,428,403,65,43,205,114,1046,14.9
Nik Stauskas,SG,22,PHI,73,35,1809,210,545,7.5,106,325,91,118,183,138,44,20,94,115,617,8.5
Nikola Jokic,C,20,DEN,80,55,1733,307,600,7.5,28,84,154,190,560,189,79,50,104,208,796,10
Nikola Mirotic,PF,24,CHI,66,38,1646,248,609,9.2,135,346,146,181,362,100,58,46,102,151,777,11.8
Nikola Pekovic,C,30,MIN,12,3,156,19,50,4.2,0,0,16,20,21,11,1,0,9,22,54,4.5
Nikola Vucevic,C,25,ORL,65,60,2037,533,1046,16.1,2,9,113,150,576,179,53,70,123,173,1181,18.2
Noah Vonleh,PF,20,POR,78,56,1174,117,278,3.6,11,46,38,51,305,30,27,26,50,152,283,3.6
Norman Powell,SG,22,TOR,49,24,725,97,229,4.7,36,89,43,53,111,47,29,10,32,59,273,5.6
Norris Cole,PG,27,NOP,45,23,1198,196,484,10.8,33,102,52,65,151,167,37,5,75,102,477,10.6
O.J. Mayo,SG,28,MIL,41,24,1090,119,321,7.8,52,162,31,40,105,118,48,8,72,126,321,7.8
Omer Asik,C,29,NOP,68,64,1178,104,195,2.9,0,0,61,112,414,26,21,23,60,124,269,4
Omri Casspi,SF,27,SAC,69,21,1880,299,622,9,112,274,103,159,410,95,56,17,94,154,813,11.8
Orlando Johnson,SG,26,NOP,5,1,54,4,17,3.4,1,5,1,2,6,2,1,0,3,4,10,2
Orlando Johnson,SG,26,PHO,2,0,47,5,17,8.5,1,5,5,6,9,0,2,3,1,5,16,8
Orlando Johnson,SG,26,TOT,7,1,101,9,34,4.9,2,10,6,8,15,2,3,3,4,9,26,3.7
Otto Porter,SF,22,WAS,75,73,2276,339,717,9.6,98,267,95,126,391,120,105,32,70,163,871,11.6
P.J. Hairston,SF,23,CHO,48,43,938,99,276,5.8,54,172,34,42,128,29,24,7,24,106,286,6
P.J. Hairston,SF,23,MEM,18,9,375,46,132,7.3,16,69,16,22,46,9,8,4,17,31,124,6.9
P.J. Hairston,SF,23,TOT,66,52,1313,145,408,6.2,70,241,50,64,174,38,32,11,41,137,410,6.2
P.J. Tucker,SF,30,PHO,82,80,2540,239,582,7.1,68,206,106,142,512,177,106,20,111,202,652,8
Pablo Prigioni,PG,38,LAC,59,3,823,55,147,2.5,28,95,7,8,114,130,53,1,49,82,145,2.5
Pat Connaughton,SG,23,POR,34,0,143,13,49,1.4,5,21,5,5,32,10,2,0,10,6,36,1.1
Patrick Beverley,PG,27,HOU,71,63,2041,258,594,8.4,124,310,60,88,250,239,94,26,91,234,700,9.9
Patrick Mills,PG,27,SAS,81,3,1662,260,612,7.6,123,320,47,58,158,226,59,6,76,102,690,8.5
Patrick Patterson,PF,26,TOR,79,0,2020,204,493,6.2,106,293,29,34,342,94,53,32,65,128,543,6.9
Pau Gasol,C,35,CHI,72,72,2291,467,995,13.8,24,69,229,289,793,294,42,146,164,148,1187,16.5
Paul George,SF,25,IND,81,81,2819,605,1449,17.9,210,566,454,528,563,329,152,29,265,230,1874,23.1
Paul Millsap,PF,30,ATL,81,81,2647,501,1066,13.2,74,232,309,408,732,265,147,139,191,237,1385,17.1
Paul Pierce,SF,38,LAC,68,38,1231,144,397,5.8,75,242,54,66,186,71,33,17,58,129,417,6.1
Phil Pressey,PG,24,PHI,14,0,170,21,55,3.9,4,13,9,18,23,46,11,1,19,14,55,3.9
Phil Pressey,PG,24,PHO,9,0,113,9,23,2.6,0,5,4,7,8,29,7,3,14,14,22,2.4
Phil Pressey,PG,24,TOT,23,0,283,30,78,3.4,4,18,13,25,31,75,18,4,33,28,77,3.3
Quincy Acy,PF,25,SAC,59,29,876,119,214,3.6,19,49,50,68,188,27,29,24,27,103,307,5.2
R.J. Hunter,SG,22,BOS,36,0,315,36,98,2.7,19,63,6,7,37,13,14,4,11,29,97,2.7
Rajon Rondo,PG,29,SAC,72,72,2537,355,782,10.9,62,170,87,150,435,839,141,10,278,175,859,11.9
Rakeem Christmas,PF,24,IND,1,0,6,2,2,2,0,0,0,0,1,0,0,0,0,1,4,4
Ramon Sessions,PG,29,WAS,82,5,1667,280,592,7.2,36,111,214,283,203,239,46,5,115,102,810,9.9
Randy Foye,SG,32,DEN,54,7,1070,117,333,6.2,50,169,39,47,105,112,26,16,58,83,323,6
Randy Foye,SG,32,OKC,27,1,572,52,149,5.5,25,81,22,27,51,49,13,13,28,48,151,5.6
Randy Foye,SG,32,TOT,81,8,1642,169,482,6,75,250,61,74,156,161,39,29,86,131,474,5.9
Rashad Vaughn,SG,19,MIL,70,6,1001,81,266,3.8,43,147,12,15,88,39,29,16,28,73,217,3.1
Rasual Butler,SF,36,SAS,46,0,432,49,104,2.3,15,49,11,16,56,24,13,23,8,11,124,2.7
Raul Neto,PG,23,UTA,81,53,1499,180,418,5.2,64,162,52,70,120,174,62,2,109,122,476,5.9
Ray McCallum,PG,24,MEM,10,3,219,28,79,7.9,10,26,3,5,16,27,7,3,13,15,69,6.9
Ray McCallum,PG,24,SAS,31,3,256,27,67,2.2,5,16,9,10,31,33,5,4,11,14,68,2.2
Ray McCallum,PG,24,TOT,41,6,475,55,146,3.6,15,42,12,15,47,60,12,7,24,29,137,3.3
Raymond Felton,PG,31,DAL,80,31,2192,277,682,8.5,60,213,149,176,258,284,68,15,121,141,763,9.5
Reggie Bullock,SF,24,DET,37,0,429,43,98,2.6,22,53,14,15,68,27,10,2,8,29,122,3.3
Reggie Jackson,PG,25,DET,79,79,2424,540,1244,15.7,118,334,291,337,253,492,59,11,223,187,1489,18.8
Richard Jefferson,SF,35,CLE,74,5,1326,143,312,4.2,66,173,58,87,128,59,33,14,43,129,410,5.5
Richaun Holmes,PF,22,PHI,51,1,702,114,222,4.4,8,44,51,74,135,33,19,40,32,92,287,5.6
Ricky Rubio,PG,25,MIN,76,76,2323,219,586,7.7,62,190,266,314,326,658,162,10,193,201,766,10.1
Robert Covington,SF,25,PHI,67,49,1903,274,712,10.6,170,482,140,177,419,97,105,40,143,232,858,12.8
Robert Sacre,C,26,LAL,25,1,320,31,75,3,0,0,25,38,72,14,4,10,12,43,87,3.5
Robin Lopez,C,27,NYK,82,82,2219,357,662,8.1,0,1,128,161,602,114,16,129,133,182,842,10.3
Rodney Hood,SG,23,UTA,79,79,2541,408,972,12.3,161,449,172,200,267,213,73,16,125,202,1149,14.5
Rodney Stuckey,PG,29,IND,58,1,1275,183,443,7.6,20,83,131,158,156,142,43,8,76,77,517,8.9
Rondae Hollis-Jefferson,SF,21,BRK,29,17,615,63,138,4.8,4,14,37,52,154,43,39,16,26,61,167,5.8
Ronnie Price,PG,32,PHO,62,18,1211,116,302,4.9,68,196,31,41,99,147,74,13,70,161,331,5.3
Roy Hibbert,C,29,LAL,81,81,1878,182,411,5.1,0,2,117,145,398,95,32,110,76,252,481,5.9
Rudy Gay,SF,29,SAC,70,70,2379,466,1007,14.4,74,215,198,254,456,120,100,51,139,184,1204,17.2
Rudy Gobert,C,23,UTA,61,60,1932,198,354,5.8,0,0,161,283,668,91,45,135,114,163,557,9.1
Russ Smith,PG,24,MEM,15,0,66,7,22,1.5,1,5,8,13,9,11,5,1,7,5,23,1.5
Russell Westbrook,PG,27,OKC,80,80,2750,656,1444,18.1,101,341,465,573,626,834,163,20,342,200,1878,23.5
Ryan Anderson,PF,27,NOP,66,7,2008,397,929,14.1,131,358,199,228,396,73,38,25,90,109,1124,17
Ryan Hollins,C,31,MEM,32,9,412,45,72,2.3,0,0,26,42,87,10,6,20,21,58,116,3.6
Ryan Hollins,C,31,TOT,37,12,460,49,79,2.1,0,0,26,42,98,10,6,21,24,62,124,3.4
Ryan Hollins,C,31,WAS,5,3,48,4,7,1.4,0,0,0,0,11,0,0,1,3,4,8,1.6
Ryan Kelly,PF,24,LAL,36,0,470,55,149,4.1,5,37,37,54,121,20,13,10,18,39,152,4.2
Salah Mejri,C,29,DAL,34,6,397,49,78,2.3,0,1,27,46,123,10,8,36,23,54,125,3.7
Sam Dekker,SF,21,HOU,3,0,6,0,0,0,0,0,0,0,1,0,1,0,0,0,0,0
Sasha Kaun,C,30,CLE,25,0,95,9,17,0.7,0,0,5,11,26,3,4,5,7,11,23,0.9
Sasha Vujacic,SG,31,NYK,61,25,908,106,277,4.5,52,143,32,39,149,84,34,5,44,83,296,4.9
Sean Kilpatrick,SG,26,BRK,23,0,534,115,249,10.8,35,97,53,59,50,26,10,2,27,30,318,13.8
Sean Kilpatrick,SG,26,DEN,8,0,82,8,21,2.6,4,17,7,8,6,3,2,0,4,7,27,3.4
Sean Kilpatrick,SG,26,TOT,31,0,616,123,270,8.7,39,114,60,67,56,29,12,2,31,37,345,11.1
Serge Ibaka,PF,26,OKC,78,78,2500,416,869,11.1,60,184,91,121,533,66,38,148,108,211,983,12.6
Sergey Karasev,SF,22,BRK,40,5,399,30,74,1.9,11,37,26,28,58,35,6,2,22,27,97,2.4
Seth Curry,PG,25,SAC,44,9,692,102,224,5.1,50,111,45,54,60,67,22,3,36,41,299,6.8
Shabazz Muhammad,SF,23,MIN,82,0,1682,317,681,8.3,44,152,185,242,267,52,24,7,70,94,863,10.5
Shabazz Napier,PG,24,ORL,55,0,600,68,201,3.7,34,104,33,45,55,97,23,1,46,38,203,3.7
Shane Larkin,PG,23,BRK,78,17,1751,222,502,6.4,39,108,83,107,180,342,95,12,146,121,566,7.3
Shaun Livingston,PG,30,GSW,78,3,1520,203,379,4.9,2,12,80,93,169,237,57,27,78,140,488,6.3
Shayne Whittington,PF,24,IND,7,0,41,5,11,1.6,0,2,1,2,12,3,1,1,5,7,11,1.6
Shelvin Mack,PG,25,ATL,24,0,179,40,95,4,4,27,9,12,22,38,8,0,14,7,93,3.9
Shelvin Mack,PG,25,TOT,52,27,1058,182,415,8,39,125,45,61,128,187,34,3,95,72,448,8.6
Shelvin Mack,PG,25,UTA,28,27,879,142,320,11.4,35,98,36,49,106,149,26,3,81,65,355,12.7
Solomon Hill,SF,24,IND,59,3,866,93,208,3.5,24,74,36,42,166,57,37,11,33,68,246,4.2
Sonny Weems,SF,29,PHI,7,0,78,7,21,3,2,9,1,2,12,2,0,0,4,7,17,2.4
Sonny Weems,SG,29,PHO,36,0,421,35,89,2.5,13,32,7,13,41,47,10,1,37,40,90,2.5
Sonny Weems,SG-SF,29,TOT,43,0,499,42,110,2.6,15,41,8,15,53,49,10,1,41,47,107,2.5
Spencer Dinwiddie,PG,22,DET,12,0,159,19,54,4.5,1,10,19,33,17,22,3,0,7,20,58,4.8
Spencer Hawes,PF,27,CHO,57,6,1035,124,306,5.4,38,102,54,65,244,109,22,27,58,111,340,6
Stanley Johnson,SF,19,DET,73,6,1687,225,600,8.2,63,205,80,102,306,118,55,12,114,178,593,8.1
Stephen Curry,PG,27,GSW,79,79,2700,805,1598,20.2,402,886,363,400,430,527,169,15,262,161,2375,30.1
Steve Blake,PG,35,DET,58,2,986,93,240,4.1,52,151,16,20,89,200,24,5,81,70,254,4.4
Steve Novak,PF,32,MIL,3,0,20,2,6,2,2,6,1,1,1,0,0,0,0,2,7,2.3
Steve Novak,PF,32,OKC,7,0,24,6,12,1.7,5,9,0,0,4,0,0,0,1,1,17,2.4
Steve Novak,PF,32,TOT,10,0,44,8,18,1.8,7,15,1,1,5,0,0,0,1,3,24,2.4
Steven Adams,C,22,OKC,80,80,2014,261,426,5.3,0,0,114,196,533,62,42,89,84,223,636,8
T.J. McConnell,PG,23,PHI,81,17,1606,218,464,5.7,31,89,26,41,250,367,95,10,140,114,493,6.1
T.J. Warren,SF,22,PHO,47,4,1070,221,441,9.4,28,70,45,64,147,44,37,16,32,94,515,11
Taj Gibson,PF,30,CHI,73,55,1936,263,500,6.8,0,3,101,146,504,106,47,77,78,180,627,8.6
Tarik Black,C,24,LAL,39,0,496,57,104,2.7,0,0,19,45,157,16,14,18,22,78,133,3.4
Tayshaun Prince,SF,35,MIN,77,44,1462,102,229,3,4,23,13,19,147,73,36,13,27,62,221,2.9
Terrence Jones,PF,24,HOU,50,11,1044,166,367,7.3,25,79,77,116,211,41,23,39,49,86,434,8.7
Terrence Ross,SF,24,TOR,73,7,1747,270,626,8.6,131,339,49,62,185,56,54,25,46,120,720,9.9
Terry Rozier,PG,21,BOS,39,0,311,29,106,2.7,6,27,8,10,63,37,6,1,19,23,72,1.8
Thabo Sefolosha,SF,31,ATL,75,11,1758,188,372,5,42,124,62,99,334,107,85,37,68,109,480,6.4
Thaddeus Young,PF,27,BRK,73,73,2407,495,963,13.2,7,30,105,163,660,135,112,37,136,182,1102,15.1
Thanasis Antetokounmpo,SF,23,NYK,2,0,6,3,4,2,0,1,0,0,1,0,0,0,0,2,6,3
Thomas Robinson,PF,24,BRK,71,7,917,130,291,4.1,0,1,47,109,359,46,39,36,69,111,307,4.3
Tiago Splitter,C,31,ATL,36,2,579,81,155,4.3,0,2,39,48,120,30,20,12,24,71,201,5.6
Tibor Pleiss,C,26,UTA,12,0,82,11,25,2.1,0,2,2,2,15,2,1,2,8,19,24,2
Tim Duncan,C,39,SAS,61,60,1536,215,441,7.2,0,2,92,131,447,163,47,78,90,125,522,8.6
Tim Frazier,PG,25,NOP,16,1,469,76,169,10.6,13,31,45,59,71,120,23,1,38,42,210,13.1
Tim Frazier,PG,25,POR,35,1,272,20,60,1.7,3,17,8,15,39,42,10,1,27,31,51,1.5
Tim Frazier,PG,25,TOT,51,2,741,96,229,4.5,16,48,53,74,110,162,33,2,65,73,261,5.1
Tim Hardaway,SG,23,ATL,51,1,864,114,265,5.2,48,142,50,56,86,51,21,7,23,48,326,6.4
Timofey Mozgov,C,29,CLE,76,48,1326,203,359,4.7,1,7,68,95,337,33,22,57,71,159,475,6.3
Tobias Harris,PF,23,DET,27,25,903,166,348,12.9,33,88,82,90,168,70,18,12,30,62,447,16.6
Tobias Harris,PF,23,ORL,49,49,1610,251,541,11,47,151,120,153,342,99,47,28,78,91,669,13.7
Tobias Harris,PF,23,TOT,76,74,2513,417,889,11.7,80,239,202,243,510,169,65,40,108,153,1116,14.7
Toney Douglas,PG,29,NOP,61,18,1262,183,445,7.3,81,203,84,99,143,157,70,5,64,131,531,8.7
Tony Allen,SG,34,MEM,64,57,1620,215,469,7.3,15,42,90,138,296,70,110,18,78,175,535,8.4
Tony Parker,PG,33,SAS,72,72,1980,350,710,9.9,27,65,130,171,176,379,54,11,131,114,857,11.9
Tony Snell,SF,24,CHI,64,33,1301,126,339,5.3,56,155,30,33,199,63,16,17,52,100,338,5.3
Tony Wroten,PG,22,PHI,8,3,144,22,65,8.1,3,17,20,37,21,20,3,0,29,11,67,8.4
Trevor Ariza,SF,30,HOU,81,81,2859,357,859,10.6,185,499,126,161,366,188,160,26,113,177,1025,12.7
Trevor Booker,PF,28,UTA,79,2,1632,190,388,4.9,12,41,71,106,452,84,59,41,81,169,463,5.9
Trey Burke,PG,23,UTA,64,0,1366,262,634,9.9,88,256,67,82,112,148,35,6,80,86,679,10.6
Trey Lyles,PF,20,UTA,80,33,1382,191,436,5.5,49,128,57,82,299,59,26,18,65,114,488,6.1
Tristan Thompson,PF,24,CLE,82,34,2269,247,420,5.1,0,0,149,242,738,62,38,51,61,202,643,7.8
Troy Daniels,SG,24,CHO,43,0,476,89,187,4.3,59,122,5,9,57,21,11,3,24,40,242,5.6
Ty Lawson,PG,28,HOU,53,12,1176,111,287,5.4,31,94,56,80,89,180,43,6,82,71,309,5.8
Ty Lawson,PG,28,IND,13,1,235,28,67,5.2,5,14,3,6,31,57,10,1,13,16,64,4.9
Ty Lawson,PG,28,TOT,66,13,1411,139,354,5.4,36,108,59,86,120,237,53,7,95,87,373,5.7
Tyler Ennis,PG,21,MIL,46,7,654,84,187,4.1,13,39,25,34,75,95,25,1,46,64,206,4.5
Tyler Hansbrough,PF,30,CHO,44,0,343,32,71,1.6,2,3,38,65,89,8,12,7,12,55,104,2.4
Tyler Johnson,SG,23,MIA,36,5,863,118,243,6.8,27,71,51,64,109,79,24,14,47,66,314,8.7
Tyler Zeller,C,26,BOS,60,3,710,138,290,4.8,0,0,88,108,178,29,10,22,46,97,364,6.1
Tyreke Evans,SG,26,NOP,25,25,765,136,314,12.6,33,85,74,93,129,164,32,8,73,66,379,15.2
Tyson Chandler,C,33,PHO,66,60,1618,183,314,4.8,0,1,106,171,576,64,36,44,93,145,472,7.2
Tyus Jones,PG,19,MIN,37,0,573,56,156,4.2,16,53,28,39,47,108,31,3,33,33,156,4.2
Udonis Haslem,PF,35,MIA,37,0,260,23,61,1.6,1,9,12,16,75,14,5,2,5,25,59,1.6
Victor Oladipo,SG,23,ORL,72,52,2379,425,970,13.5,98,282,205,247,345,282,116,54,153,174,1153,16
Vince Carter,SG,39,MEM,60,3,1005,133,343,5.7,59,169,70,84,146,56,38,16,35,101,395,6.6
Walter Tavares,C,23,ATL,11,0,73,11,19,1.7,0,0,3,8,21,3,1,6,5,8,25,2.3
Wayne Ellington,SG,28,BRK,76,41,1615,218,561,7.4,96,268,54,63,174,83,48,5,45,82,586,7.7
Wesley Johnson,SF,28,LAC,80,9,1666,208,515,6.4,103,309,30,46,248,49,89,56,54,173,549,6.9
Wesley Matthews,SG,29,DAL,78,78,2644,331,854,10.9,189,525,126,146,238,151,78,17,78,179,977,12.5
Will Barton,SG,25,DEN,82,1,2353,425,983,12,112,325,216,268,476,203,71,39,139,147,1178,14.4
Willie Cauley-Stein,C,22,SAC,66,39,1412,191,339,5.1,0,2,81,125,352,37,48,66,46,146,463,7
Willie Reed,PF,25,BRK,39,2,426,76,133,3.4,0,0,30,55,122,10,6,30,16,47,182,4.7
Xavier Munford,SG,23,MEM,14,0,244,32,77,5.5,9,23,7,14,31,22,13,3,15,25,80,5.7
Zach LaVine,SG,20,MIN,82,33,2294,433,959,11.7,123,316,161,203,228,251,69,17,155,193,1150,14
Zach Randolph,PF,34,MEM,68,53,2016,431,907,13.3,6,26,172,216,529,142,43,13,105,146,1040,15.3
Zaza Pachulia,C,31,DAL,76,69,2004,219,470,6.2,0,3,212,276,718,128,64,22,119,181,650,8.6
